BranchID,BranchName
HIN2,HRNagar
IND2,AnadNagar
BTM8,Bhimavaram
KOT6,Komatla
KOR8,Kakinada
BTM6,Bhimavaram
KOT4,Komatla
KOR2,Kakinada
KOT2,Komatla
MG 5,Malkaagiri
ADY3,Alwal
BTM2,Bhimavaram
BTM5,Bhimavaram
HIN3,HRNagar
IND8,AnadNagar
MG 9,Malkaagiri
KOR4,Kakinada
KOR4,Kakinada
KOR6,Kakinada
ADY1,Alwal
HIN1,HRNagar
MG 7,Malkaagiri
ADY8,Alwal
KOR1,Kakinada
IND7,AnadNagar
KOT5,Komatla
HIN4,HRNagar
ADY8,Alwal
ADY3,Alwal
ADY3,Alwal
MG 4,Malkaagiri
BTM8,Bhimavaram
KOT7,Komatla
ADY3,Alwal
KOR5,Kakinada
TAM7,Tanuku
VIM1,VijayPur
TAM6,Tanuku
VIM6,Bharat Nagar
VIM6,VijayPur
VEL8,Vilaspur
T N2,Tadipatri
ANN6,Annavaram
ANN4,Annavaram
T N2,Tadipatri
VIM4,Bharat Nagar
VIM1,VijayPur
KOT2,Kormangala
TAM9,Tanuku
VIM2,Bharat Nagar
T N8,Tadipatri
T N5,Tadipatri
VIM4,Bharat Nagar
HAD2,HimayatNagar
VIM2,Bharat Nagar
VEL8,Vilaspur
T N6,Tadipatri
TAM2,Tanuku
VIM3,Bharat Nagar
HAD4,HimayatNagar
TAM4,Tanuku
T N9,Tadipatri
T N3,Tadipatri
ANN5,Annavaram
VIM3,VijayPur
T N4,Tadipatri
ANN6,Annavaram
KOT4,Kormangala
ANN4,Annavaram
ANN4,Annavaram
VIM3,Bharat Nagar
VIM6,Bharat Nagar
KOT2,Kormangala
VIM1,Bharat Nagar
HAD8,HimayatNagar
HAD5,HimayatNagar
VEL2,Vilaspur
HAD7,HimayatNagar
VIM2,VijayPur
VIM7,VijayPur
VIM4,VijayPur
VEL1,Vilaspur
TAM6,Tanuku
VIM5,Bharat Nagar
T N2,Tadipatri
VEL4,Vilaspur
KOT7,Kormangala
KOT4,Kormangala
VEL9,Vilaspur
VIM7,VijayPur
VIM2,VijayPur
ANN6,Annavaram
HAD2,HimayatNagar
ANN3,Annavaram
VIM7,VijayPur
VIM5,VijayPur
VEL8,Vilaspur
VIM7,Bharat Nagar
ANN7,Annavaram
VEL5,Vilaspur
KOT1,Kormangala
VIM2,VijayPur
HAD5,HimayatNagar
VEL2,Vilaspur
T N7,Tadipatri
ANN1,Annavaram
HAD6,HimayatNagar
T N7,Tadipatri
T N4,Tadipatri
VIM3,VijayPur
VIM5,VijayPur
TAM1,Tanuku
ANN7,Annavaram
ANN9,Annavaram
ANN8,Annavaram
VIM7,Bharat Nagar
T N8,Tadipatri
VIM6,VijayPur
ANN4,Annavaram
VIM4,VijayPur
VIM5,VijayPur
T N9,Tadipatri
HAD9,HimayatNagar
KOT6,Kormangala
TAM8,Tanuku
VEL6,Vilaspur
T N7,Tadipatri
KOT2,Kormangala
VEL6,Vilaspur
VIM7,Bharat Nagar
TAM5,Tanuku
TAM1,Tanuku
VIM2,Bharat Nagar
ANN4,Annavaram
TAM1,Tanuku
T N1,Tadipatri
HAD9,HimayatNagar
VIM1,Bharat Nagar
ANN7,Annavaram
VEL4,Vilaspur
KOT5,Kormangala
VEL1,Vilaspur
HAD7,HimayatNagar
TAM1,Tanuku
VEL7,Vilaspur
VIM7,VijayPur
KOT6,Kormangala
KOT9,Kormangala
TAM3,Tanuku
T N8,Tadipatri
KOT6,Kormangala
VIM2,VijayPur
ANN7,Annavaram
TAM7,Tanuku
VIM2,Bharat Nagar
TAM4,Tanuku
KOT1,Kormangala
KOT6,Kormangala
TAM7,Tanuku
TAM4,Tanuku
TAM1,Tanuku
ANN4,Annavaram
VIM7,Bharat Nagar
VEL7,Vilaspur
VIM5,Bharat Nagar
VEL1,Vilaspur
VIM5,Bharat Nagar
IND9,AnadNagar
KOR7,Kakinada
HIN6,HRNagar
KOT2,Komatla
KOT6,Komatla
IND3,AnadNagar
IND5,AnadNagar
IND2,AnadNagar
BTM5,Bhimavaram
ADY9,Alwal
ADY4,Alwal
KOR4,Kakinada
ADY6,Alwal
IND6,AnadNagar
KOT6,Komatla
BTM6,Bhimavaram
HIN1,HRNagar
MG 4,Malkaagiri
KOT1,Komatla
ADY6,Alwal
BTM6,Bhimavaram
IND3,AnadNagar
BTM4,Bhimavaram
KOT9,Komatla
BTM4,Bhimavaram
BTM7,Bhimavaram
ADY9,Alwal
IND2,AnadNagar
KOR3,Kakinada
MG 2,Malkaagiri
BTM7,Bhimavaram
BTM4,Bhimavaram
ADY4,Alwal
IND5,AnadNagar
ADY6,Alwal
BTM4,Bhimavaram
KOR8,Kakinada
MG 3,Malkaagiri
IND7,AnadNagar
KOT4,Komatla
ADY2,Alwal
MG 8,Malkaagiri
HIN5,HRNagar
KOT6,Komatla
KOR2,Kakinada
IND6,AnadNagar
IND1,AnadNagar
HIN9,HRNagar
MG 2,Malkaagiri
MG 5,Malkaagiri
KOT2,Komatla
MG 2,Malkaagiri
KOT1,Komatla